<?xml version="1.0" ?>
<RCMCFG>

  <!-- Please edit this info as per your plant -->
  <PLANT name ="FANUC">
    <LINE name ="PDE">
      <CLUSTER name ="System" ipgroup="172.22.194" ipset="0-254"/>
    </LINE>
  </PLANT>
  
  <ETHPORT>Port1</ETHPORT>
  
  <HTTP disable="0">
    <URL method="POST">http://172.22.194.39:6063/zdtdata/</URL>
    <AUTH user="test" pwd="password" />
  </HTTP>

  <!-- Power Message, one of its availability invokes periodic status message -->
  <ERTYPE name ="SYST">
    <ERROR code ="26">
      <FILE name="MD:VERSION.DG"/>
      <FILE name="MD:MEMORY.DG"/>
      <FILE name="MD:IOCONFIG.DG"/>
      <FILE name="MD:ETHERNET.DG"/>
      <FILE name="MD:PORT.DG"/>
      <FILE name="MD:MACRO.DG"/>
      <FILE name="MD:ZDT_CFG_RPT.DG"/>
    </ERROR>
  </ERTYPE>
  
  <!-- Severity based configuration -->
  <SEVERITY name="PAUSE" send="TRUE" />
  <SEVERITY name="STOP"  send="TRUE" />
  <SEVERITY name="ABORT" send="TRUE" />
  <SEVERITY name="SERVO" send="TRUE" />
  
  <!-- Messaging library settings -->
  <!-- *WARNING* Make sure maxinst < 128!! It gets converted to signed byte then ushort. -->
  <MSGLIB maxmem="204800" msglim="10240">
  </MSGLIB>
</RCMCFG>